Baseline V,Shallow V,U-Shaped,W-Shaped,Depression,Stagflation
0.23602314982472292,0.2526363645683302,0.27018929081264365,0.08885493882318057,0.02560063832222143,0.1266956176489012
